INSERT INTO authorities (id, authority) VALUES
(1, 'ADMIN'),
(2, 'CLIENT'),
(3, 'ARTIST');

INSERT INTO base_user (id, first_name, username, password, email, phone_number, image_profile, created_user, authority) VALUES
(1, 'client1', 'client1', '$2a$10$bQCIA7E2i4469olxpfn9keJqj22QmiDRZHQ2JbAKWUgYLK7ZgAnae', 'client1@gmail.com', '600619217', NULL, '2025-03-06', 2),
(2, 'Jeenii', 'jeenni', '$2a$10$Kpe6DPMrQ3cVvUX7InB/C.l556UiudzbjVt/u/fhejE5l.hBW6FZi', 'reinapata20@gmail.com', '123456789', NULL, '2025-03-06', 2),
(3, 'Emilio', 'emilio', '$2a$10$14GTyUA2jImRAIvh9p9yNe.2DC818K1/y7CX9VP3hWp4L5gnr9oeS', 'emilio.esp99@gmail.com', '123456789', NULL, '2025-03-06', 2),
(4, 'Rafael', 'rafael', '$2a$10$VnAjVwBaTBSA7pQdjKh5TO4yZOntRUHZHnk8CQg4ecsjsPnSj4U4m', 'dekker.rafa@gmail.com', '123456789', NULL, '2025-03-06', 2),
(5, 'Felix', 'felix', '$2a$10$9.MybxxeKNeN/EpqKZ72OOuGnMqjoDZAz3/GNysTK/yNplP6TuGNW', 'felixsv26@gmail.com', '123456789', NULL, '2025-03-06', 2),
(6, 'Raúl', 'raul', '$2a$10$UTlOxphWadZOLw7WyuRMZegeadUMTxkrImo0M3jEcP8rXCfgKHSAu', 'raullebone@gmail.com', '123456789', NULL, '2025-03-06', 2),
(7,'Joker', 'joker', '$2a$10$ZPprl2mnySEypC2uXfI2ZOr4Erfex0eZnV9rz9I.6aWLKGqCzn5Gy', 'jokerin.escuchame@gmail.com', '123456789', NULL, '2025-03-06', 2),
(8,'Lucas', 'lucas', '$2a$10$R7RUXA5hFWoiQBv86OMum.XIwT8yAoStHGm4Nq8IKDPPdZhyIUjlG', 'lmherencia2003@gmail.com', '123456789', NULL, '2025-03-06', 2),
(9,'Horacio', 'horacio', '$2a$10$27jxOLz1ZiW5JenEP9mAHuUIqqC4ikcpKivs7RctrL./oa6744XBG', 'geko.hor@gmail.com', '123456789', NULL, '2025-03-06', 2),
(10,'Simón', 'simon', '$2a$10$EGnjDiPAHjWq4gqGuHCELu.7dTZC8QfWDomw2U1zqaU2W0zTLWo8y', 'simoncgs03@gmail.com', '123456789', NULL, '2025-03-06', 2),
(12,'Javier', 'javies_pacheco', '$2a$10$jUmsF51W4XktY/h5f8No7OK7N9k4/hEjLq./Fu5WaU64cCqa5UoTW', 'pachecomarquezjavier@gmail.com', '123456789', NULL, '2025-03-06', 2),
(13,'Henrique', 'henrique', '$2a$10$l7lEAGJeP9XKgnG4tR.eFu5urKYqlorQ473Xw7cMP28VCZSgxWvR6', 'henrique.rebolho@gmail.com', '123456789', NULL, '2025-03-06', 2),
(14,'Keegan', 'kaegan', '$2a$10$JMGNjw7FCRg93OpzaNcyoOU487HNsWGA.60t7.tHJR3NjP7YbZinC', 'Kcullen3289@gmail.com', '123456789', NULL, '2025-03-06', 2),
(15,'Carlos', 'carlos', '$2a$10$oLfqIC4SCGAyEbQCzotpE..g/Yl97IXk0bJZfIrdIR7NQPavaL9ci', 'carlosperezsanchez199@gmail.com', '123456789', NULL, '2025-03-06', 2),
(16,'Milagros', 'milagros', '$2a$10$2Dhx/WnQ35ZOC09L7771h.HoEcxCHS/ZXdxN1IWWWAqxKWzDV1Auy', 'milagros.huerta@gm.uca.es', '123456789', NULL, '2025-03-06', 2),
(17,'Patricia', 'patricia', '$2a$10$QGdv6Hh.wwbjZYGnKE0KmudCtbJY14UdUWeRRgIgFlVtSncAQ1ATC', 'kaleta1979@gmail.com', '123456789', NULL, '2025-03-06', 2),
(18,'Daniel', 'daniel_client', '$2a$10$cVAYXIe9J0UqKLI167aQbei83EPxPG8gunT3LiV8PM5ANzBYws2jm', 'megamagolas@gmail.com', '663522963', NULL, '2025-03-06', 2),
(19,'Rafael', 'rafaelduque_client', '$2a$10$rJ3r.6r0SxZSSDCCyBS7Oeqz.7sklbP2s7B7fzRor0.4l.RjCQvZm', 'rafduqcol@alum.us.es', '722675760', NULL, '2025-03-06', 2),
(20,'Rafael', 'rafaelcastillo_client', '$2a$10$9zB4idpob/xWZc6YybjG5OqCtB3C.Pp/EOFUdPzCzHqkNPezKlRqK', 'rafaelcastillocebolla@gmail.com', '671168164', NULL, '2025-03-06', 2),
(21,'Mohamed', 'mohamed_client', '$2a$10$RoYUv2ZWK/kYWrr59P92AuUlo5Dali9oT7anSHOxjTx0Gj1bbvcqa', 'mohmmedabourihhh@gmail.com', '602171961', NULL, '2025-03-06', 2),
(22,'Enrique', 'enrique_client', '$2a$10$8D6HccaHzR8D4.nsE6RKCOTXD7TwDmsU0tnoL7I1MpeQUwqM.Iqh2', 'kiquegaraba@gmail.com', '600619217', NULL, '2025-03-06', 2),
(23,'artist1', 'artist1', '$2a$10$.MO2C8rJV3d1pUitY0VV2.Oq7Sb5fquMZdHtFzBreBhc6DQkhpeXG', 'artist1@gmail.com', '1234567890', '/images/nobita.jpg', '2025-03-06', 3),
(24,'Braulio', 'braulio', '$2a$10$ssldt91myREpm9HybH8Fjel0lBkM7kUrN4f4Mq7rIcR850lTT5FOG', 'braulioolmedo116@gmail.com', '1234567890', '/images/nobita.jpg', '2025-03-06', 3),
(25,'Claudia', 'claudia','$2a$10$./BmsEgDLEnmNHvE2IzVw.R0OHV9Mx/C472kYE2m.UXS3tvJ.ucLK', 'xlaequis@gmail.com', '1234567890', '/images/nobita.jpg', '2025-03-06', 3),
(26,'Miriam', 'miriam','$2a$10$NNCTIIupNB4bwGoopiJIyeuQEfTs83e5OMwVyhK2pfgA1QmUsZ88C', 'urownmailblik@gmail.com', '1234567890','/images/nobita.jpg', '2025-03-06', 3),
(27,'Paola', 'paola','$2a$10$U1f34nC6FMdpRR2MARmuSe2z2HtzDCGw2O2gAVlbk21SJCGGikowG', 'pao.saaval@gmail.com', '1234567890','/images/nobita.jpg', '2025-03-06', 3),
(28,'Victor', 'victor','$2a$10$sYswSMxvEOywMhyWaC0bt.O.uPTnSyzxAT92rz/qvTmNOlG4N8nEe', 'jsjxhwjifyhyyy@gmail.com', '1234567890','/images/nobita.jpg', '2025-03-06', 3),
(29,'Yellow', 'yellow','$2a$10$KN.AZMXZq9LuaTbwJDn3JuH64f7VdY2yV0EAn.YX2sI3Sa5I5pZXK', 'yell0w.4rtist@gmail.com', '1234567890','/images/nobita.jpg', '2025-03-06', 3),
(30,'Alex', 'alex','$2a$10$XX3Txv49mAAxtWbcqhjQyu5Ha9PeilkSoNkCkfvDMYSxZsm2t0uxS', 'vsandoval.gd@gmail.com', '1234567890','/images/nobita.jpg', '2025-03-06', 3),
(31,'Patricia', 'peu','$2a$10$iYEVysKxOQ8mQRfO5Mbh9eykOtZawl4XdiVyUBzD08RxCdEsyFzTW', 'linkaris95@gmail.com', '1234567890','/images/nobita.jpg', '2025-03-06', 3),
(32,'Izzy', 'izzy','$2a$10$aSFqJY0l/WP5eIveiCytD..v9EoxIWpKGovaIbrupkq1DjWQlbacG', 'artofiz.comms@gmail.com', '1234567890','/images/nobita.jpg', '2025-03-06', 3),
(33,'Gabriela', 'gabriela','$2a$10$0JsCTov5IDQR2nJvQARKneL1KB6SCdjr1PvGQ88tP5qJvhsT.Z6fa', 'meowm7512@gmail.com', '1234567890','/images/nobita.jpg', '2025-03-06', 3),
(34,'Alex', 'tesla','$2a$10$Te1gPC9ZOBrsDJ71XphYr.5TbBMgqqea2hRV33u4yE2OB9JfovC96', 'soloparainformatica23@gmail.com', '1234567890','/images/nobita.jpg', '2025-03-06', 3),
(35,'Gurutze', 'churros','$2a$10$tk9XOUj.3AiCREPRF70xUOp4ExXn4AGpF5yad5ewzCuuug7IGJuqO', 'gurutze.contact@gmail.com', '1234567890','/images/nobita.jpg', '2025-03-06', 3),
(36,'Damaris', 'damaris','$2a$10$rhUAtnuv7WqW4ufo/a.wkeOzHco2GFWXsvx6WBC.fZdi0swbCERf6', 'damaris.narvaezjimenez@gmail.com', '1234567890','/images/nobita.jpg', '2025-03-06', 3),
(37,'Sofia', 'rata','$2a$10$4sJMWhxkUDrI4M.uAQ228OM8vYf/wBcJCctAqA.nZXRMgygH02mAy', 'already.dead.baby@gmail.com', '1234567890','/images/nobita.jpg', '2025-03-06', 3),
(38,'Daniel', 'daniel_artist','$2a$10$x5PArdGNz86t6sqYpM.URevvy/.wE4OYgnGcmcKdmclTf3myUXnGu', 'megamagolas2@gmail.com', '663522963', '/images/nobita.jpg', '2025-03-06', 3),
(39,'Rafael', 'rafaelduque_artist','$2a$10$QP6LWLpPFKowv.s67KpaM.w2w0g.hiz3UfW2QcQyqlI7ovWxDr1XK', 'rafduqcol2@alum.us.es', '722675760','/images/nobita.jpg', '2025-03-06', 3),
(40,'Rafael', 'rafaelcastillo_artist','$2a$10$KHEzZb0ioIjGoAYqvUX6G.5q6apcUxxMCY.dLXpnTgZnuFjkMLfdG', 'rafaelcastillocebolla2@gmail.com', '671168164','/images/nobita.jpg', '2025-03-06', 3),
(41,'Mohamed', 'mohamed_artist','$2a$10$/xzsXNtwVMPX4eIu1coLYeBWvN7DDMiuzAE39B3M3fCt1SvVPo73u', 'mohmmedabourihhh2@gmail.com', '602171961','/images/nobita.jpg', '2025-03-06', 3),
(42,'Enrique', 'enrique_artist','$2a$10$tbDdopmXHspY4l2iTHMJl.wFf/btZGataJBHRRdenrDHRSsHh/GlC', 'kiquegaraba2@gmail.com', '600619217','/images/nobita.jpg', '2025-03-06', 3),
(43, 'admin1', 'admin1', '$2b$10$OHjdYNE5IRkwWb5R1NtPGeIyb2l8xShgxjIZHG7bZn1WI3jfIntRi', 'admin1@gmail.com', '600619217', NULL, '2025-03-06', 1);

INSERT INTO clients (id, base_user_id) VALUES
(1, 1),
(2, 2),
(3, 3),
(4, 4),
(5, 5),
(6, 6),
(7, 7),
(8, 8),
(9, 9),
(10, 10),
(12, 12),
(13, 13),
(14, 14),
(15, 15),
(16, 16),
(17, 17),
(18, 18),
(19, 19),
(20, 20),
(21, 21),
(22, 22);

INSERT INTO artists (id, num_slots_of_work, table_commisions_price, base_user_id) VALUES 
(1, 7, '/images/tableCommisionsPrice.png', 23),
(2, 7, '/images/tableCommisionsPrice.png', 24),
(3, 7, '/images/tableCommisionsPrice.png', 25),
(4, 7, '/images/tableCommisionsPrice.png', 26),
(5, 7, '/images/tableCommisionsPrice.png', 27),
(6, 7, '/images/tableCommisionsPrice.png', 28),
(7, 7, '/images/tableCommisionsPrice.png', 29),
(8, 7, '/images/tableCommisionsPrice.png', 30),
(9, 7, '/images/tableCommisionsPrice.png', 31),
(10, 7, '/images/tableCommisionsPrice.png', 32),
(11, 7, '/images/tableCommisionsPrice.png', 33),
(12, 7, '/images/tableCommisionsPrice.png', 34),
(13, 7, '/images/tableCommisionsPrice.png', 35),
(14, 7, '/images/tableCommisionsPrice.png', 36),
(15, 7, '/images/tableCommisionsPrice.png', 37),
(16, 7, '/images/tableCommisionsPrice.png', 38),
(17, 7, '/images/tableCommisionsPrice.png', 39),
(18, 7, '/images/tableCommisionsPrice.png', 40),
(19, 7, '/images/tableCommisionsPrice.png', 41),
(20, 7, '/images/tableCommisionsPrice.png', 42);

INSERT INTO categories (id, name, description, image) VALUES
(1, 'Painting', 'Artworks created using paint on a surface', '/images/painting_category.jpg'),
(2, 'Digital Art', 'Artworks made using digital tools', '/images/digital_art_category.jpg'),
(3, 'Sculpture', 'Three-dimensional art made by shaping materials', '/images/sculture_art_category.jpg'),
(4, 'Photography', 'Artworks captured using a camera', '/images/abstract_art.jpg'),
(5, 'Printmaking', 'Artworks created by printing techniques like etching or lithography', '/images/ocean_waves.jpg'),
(6, 'Drawing', 'Artworks created using pencils, charcoal, or ink on paper', '/images/starry_night_replica.jpg'),
(7, 'Textile Art', 'Artworks made using fabric, thread, or weaving techniques', '/images/sunset_painting.jpg'),
(8, 'Ceramics', 'Artworks made from clay and hardened by heat', '/images/sunset_painting.jpg'),
(9, 'Painting', 'Artworks created using paint on a surface', "/images/painting_category.jpg"),
(10, 'Digital Art', 'Artworks made using digital tools', "/images/digital_art_category.jpg"),
(11, 'Sculpture', 'Three-dimensional art made by shaping materials', "/images/sculture_art_category.jpg"),
(12, 'Photography', 'Artworks captured using a camera', "/images/abstract_art.jpg"),
(13, 'Printmaking', 'Artworks created by printing techniques like etching or lithography', "/images/ocean_waves.jpg"),
(14, 'Drawing', 'Artworks created using pencils, charcoal, or ink on paper', "/images/starry_night_replica.jpg"),
(15, 'Textile Art', 'Artworks made using fabric, thread, or weaving techniques', "/images/sunset_painting.jpg"),
(16, 'Ceramics', 'Artworks made from clay and hardened by heat', "/images/sunset_painting.jpg"),
(17, 'Abstract Art', 'Artworks that use shapes, colors, and forms to create compositions that don`t represent reality', "/images/abstract_art_category.jpg"),
(18, 'Conceptual Art', 'Art where the idea behind the artwork is more important than the physical object itself', "/images/conceptual_art_category.jpg"),
(19, 'Installation Art', 'Three-dimensional works that are often site-specific and designed to transform a space', "/images/installation_art_category.jpg"),
(20, 'Performance Art', 'Artworks involving live performance, often including visual elements, sound, and movement', "/images/performance_art_category.jpg"),
(21, 'Street Art', 'Visual art created in public locations, typically unsanctioned and often political or social in nature', "/images/street_art_category.jpg"),
(22, 'Video Art', 'Art that uses video technology as its medium, often creating immersive or experimental experiences', "/images/video_art_category.jpg"),
(23, 'Glass Art', 'Artworks made with glass, including sculptures, windows, and other decorative pieces', "/images/glass_art_category.jpg"),
(24, 'Mixed Media', 'Artworks that combine different materials and methods to create a single work of art', "/images/mixed_media_category.jpg");


INSERT INTO works_done(id, artist_id, name, description, price, image) VALUES 
(25, 1, 'Sunset Painting', 'A beautiful sunset painting', 150.0, '/images/sunset_painting.jpg'), 
(26, 1, 'Ocean Waves', 'A calming ocean scene with waves', 200.0, '/images/ocean_waves.jpg'), 
(27, 1, 'Starry Night Replica', 'Inspired by Van Gogh`s Starry Night', 300.0, '/images/starry_night_replica.jpg'), 
(28, 1, 'Abstract Art', 'A modern abstract composition', 180.0, '/images/abstract_art.jpg'),
(29, 1, 'Forest Path', 'A peaceful forest pathway', 120.0, '/images/abstract_art.jpg');

INSERT INTO status_kanban_order (id, artist_id, name, order_in_kanban, description, color) VALUES 
(1, 1, 'To Do', 1, 'Tasks that need to be started', '#FF5733'),
(2, 1, 'In Progress', 2, 'Tasks that are currently being worked on', '#33FF57'),
(3, 1, 'Review', 3, 'Tasks that need to be reviewed before completion', '#3357FF'),
(4, 1, 'Completed', 4, 'Tasks that have been finished', '#F1C40F'),
(5, 1, 'Archived', 5, 'Tasks that are no longer active but stored for reference', '#8E44AD'),
(6, 1, 'Idea', 6, 'New concept or idea being explored', '#FFAA33'),
(7, 1, 'Sketching', 7, 'Initial sketches and drafts', '#33A8FF'),
(8, 1, 'Coloring', 8, 'Adding colors to the artwork', '#A833FF'),
(9, 1, 'Final Touches', 9, 'Adding final adjustments before completion', '#33FFA8'),
(10, 1, 'Published', 10, 'The artwork is completed and shared', '#FF338A'),
(11, 2, 'To Do', 1, 'Tasks that need to be started', '#FF5733'),
(12, 2, 'In Progress', 2, 'Tasks that are currently being worked on', '#33FF57'),
(13, 2, 'Completed', 3, 'Tasks that have been finished', '#F1C40F'),
(14, 2, 'On Hold', 4, 'Tasks that are paused or waiting for approval', '#FFC300'),
(15, 3, 'To Do', 1, 'Tasks that need to be started', '#FF5733'),
(16, 3, 'In Progress', 2, 'Tasks that are currently being worked on', '#33FF57'),
(17, 3, 'Completed', 3, 'Tasks that have been finished', '#F1C40F'),
(18, 3, 'On Hold', 4, 'Tasks that are paused or waiting for approval', '#FFC300'),
(19, 4, 'To Do', 1, 'Tasks that need to be started', '#FF5733'),
(20, 4, 'In Progress', 2, 'Tasks that are currently being worked on', '#33FF57'),
(21, 4, 'Completed', 3, 'Tasks that have been finished', '#F1C40F'),
(22, 4, 'On Hold', 4, 'Tasks that are paused or waiting for approval', '#FFC300'),
(23, 5, 'To Do', 1, 'Tasks that need to be started', '#FF5733'),
(24, 5, 'In Progress', 2, 'Tasks that are currently being worked on', '#33FF57'),
(25, 5, 'Completed', 3, 'Tasks that have been finished', '#F1C40F'),
(26, 5, 'On Hold', 4, 'Tasks that are paused or waiting for approval', '#FFC300'),
(27, 6, 'To Do', 1, 'Tasks that need to be started', '#FF5733'),
(28, 6, 'In Progress', 2, 'Tasks that are currently being worked on', '#33FF57'),
(29, 6, 'Completed', 3, 'Tasks that have been finished', '#F1C40F'),
(30, 6, 'On Hold', 4, 'Tasks that are paused or waiting for approval', '#FFC300'),
(31, 7, 'To Do', 1, 'Tasks that need to be started', '#FF5733'),
(32, 7, 'In Progress', 2, 'Tasks that are currently being worked on', '#33FF57'),
(33, 7, 'Completed', 3, 'Tasks that have been finished', '#F1C40F'),
(34, 7, 'On Hold', 4, 'Tasks that are paused or waiting for approval', '#FFC300'),
(35, 8, 'To Do', 1, 'Tasks that need to be started', '#FF5733'),
(36, 8, 'In Progress', 2, 'Tasks that are currently being worked on', '#33FF57'),
(37, 8, 'Completed', 3, 'Tasks that have been finished', '#F1C40F'),
(38, 8, 'On Hold', 4, 'Tasks that are paused or waiting for approval', '#FFC300'),
(39, 9, 'To Do', 1, 'Tasks that need to be started', '#FF5733'),
(40, 9, 'In Progress', 2, 'Tasks that are currently being worked on', '#33FF57'),
(41, 9, 'Completed', 3, 'Tasks that have been finished', '#F1C40F'),
(42, 9, 'On Hold', 4, 'Tasks that are paused or waiting for approval', '#FFC300'),
(43, 10, 'To Do', 1, 'Tasks that need to be started', '#FF5733'),
(44, 10, 'In Progress', 2, 'Tasks that are currently being worked on', '#33FF57'),
(45, 10, 'Completed', 3, 'Tasks that have been finished', '#F1C40F'),
(46, 10, 'On Hold', 4, 'Tasks that are paused or waiting for approval', '#FFC300'),
(47, 11, 'To Do', 1, 'Tasks that need to be started', '#FF5733'),
(48, 11, 'In Progress', 2, 'Tasks that are currently being worked on', '#33FF57'),
(49, 11, 'Completed', 3, 'Tasks that have been finished', '#F1C40F'),
(50, 11, 'On Hold', 4, 'Tasks that are paused or waiting for approval', '#FFC300'),
(51, 12, 'To Do', 1, 'Tasks that need to be started', '#FF5733'),
(52, 12, 'In Progress', 2, 'Tasks that are currently being worked on', '#33FF57'),
(53, 12, 'Completed', 3, 'Tasks that have been finished', '#F1C40F'),
(54, 12, 'On Hold', 4, 'Tasks that are paused or waiting for approval', '#FFC300'),
(55, 13, 'To Do', 1, 'Tasks that need to be started', '#FF5733'),
(56, 13, 'In Progress', 2, 'Tasks that are currently being worked on', '#33FF57'),
(57, 13, 'Completed', 3, 'Tasks that have been finished', '#F1C40F'),
(58, 13, 'On Hold', 4, 'Tasks that are paused or waiting for approval', '#FFC300'),
(59, 14, 'To Do', 1, 'Tasks that need to be started', '#FF5733'),
(60, 14, 'In Progress', 2, 'Tasks that are currently being worked on', '#33FF57'),
(61, 14, 'Completed', 3, 'Tasks that have been finished', '#F1C40F'),
(62, 14, 'On Hold', 4, 'Tasks that are paused or waiting for approval', '#FFC300'),
(63, 15, 'To Do', 1, 'Tasks that need to be started', '#FF5733'),
(64, 15, 'In Progress', 2, 'Tasks that are currently being worked on', '#33FF57'),
(65, 15, 'Completed', 3, 'Tasks that have been finished', '#F1C40F'),
(66, 15, 'On Hold', 4, 'Tasks that are paused or waiting for approval', '#FFC300'),
(67, 16, 'To Do', 1, 'Tasks that need to be started', '#FF5733'),
(68, 16, 'In Progress', 2, 'Tasks that are currently being worked on', '#33FF57'),
(69, 16, 'Completed', 3, 'Tasks that have been finished', '#F1C40F'),
(70, 16, 'On Hold', 4, 'Tasks that are paused or waiting for approval', '#FFC300'),
(71, 17, 'To Do', 1, 'Tasks that need to be started', '#FF5733'),
(72, 17, 'In Progress', 2, 'Tasks that are currently being worked on', '#33FF57'),
(73, 17, 'Completed', 3, 'Tasks that have been finished', '#F1C40F'),
(74, 17, 'On Hold', 4, 'Tasks that are paused or waiting for approval', '#FFC300'),
(75, 18, 'To Do', 1, 'Tasks that need to be started', '#FF5733'),
(76, 18, 'In Progress', 2, 'Tasks that are currently being worked on', '#33FF57'),
(77, 18, 'Completed', 3, 'Tasks that have been finished', '#F1C40F'),
(78, 18, 'On Hold', 4, 'Tasks that are paused or waiting for approval', '#FFC300'),
(79, 19, 'To Do', 1, 'Tasks that need to be started', '#FF5733'),
(80, 19, 'In Progress', 2, 'Tasks that are currently being worked on', '#33FF57'),
(81, 19, 'Completed', 3, 'Tasks that have been finished', '#F1C40F'),
(82, 19, 'On Hold', 4, 'Tasks that are paused or waiting for approval', '#FFC300'),
(83, 20, 'To Do', 1, 'Tasks that need to be started', '#FF5733'),
(84, 20, 'In Progress', 2, 'Tasks that are currently being worked on', '#33FF57'),
(85, 20, 'Completed', 3, 'Tasks that have been finished', '#F1C40F'),
(86, 20, 'On Hold', 4, 'Tasks that are paused or waiting for approval', '#FFC300');

-- Comisiones para el Artista 1(ID 1)
INSERT INTO commisions (id, artist_id, name, description, price, client_id, status, accepted_date_by_artist, payment_arrangement, status_kanban_order_id) VALUES
(1, 1, 'Golden Sunrise', 'A beautiful golden sunrise landscape', 220.0, 12, 'REQUESTED', '2025-03-14', 'FIFTYFIFTY', NULL),
(2, 1, 'Tropical Beach', 'A relaxing tropical beach scene', 270.0, 13, 'REQUESTED', '2025-03-15', 'INITIAL', NULL),
(3, 1, 'Sunset Painting', 'A beautiful sunset painting', 150.0, 4, 'ACCEPTED', '2025-03-01', 'INITIAL', 1),
(4, 1, 'Ocean Waves', 'A calming ocean scene with waves', 200.0, 5, 'ACCEPTED', '2025-03-02', 'FINAL', 2),
(5, 1, 'City Skyline', 'A modern city skyline at night', 320.0, 14, 'CANCELED', '2025-03-16', 'FIFTYFIFTY', NULL),
(6, 1, 'Vintage Car', 'A classic vintage car painting', 180.0, 15, 'IN_WAIT_LIST', '2025-03-17', 'FINAL', NULL),
(7, 1, 'River Bend', 'A calm river meandering through the countryside', 250.0, 16, 'IN_WAIT_LIST', '2025-03-18', 'INITIAL', NULL),
(8, 1, 'Starry Night', 'A beautiful rendition of the night sky', 200.0, 17, 'ENDED', '2025-03-19', 'FIFTYFIFTY', NULL),
(9, 1, 'Mountain View', 'A scenic mountain landscape', 270.0, 18, 'ENDED', '2025-03-20', 'FINAL', NULL),
(10, 1, 'Peaceful Waters', 'A peaceful lake surrounded by mountains', 230.0, 19, 'REJECTED', '2025-03-21', 'INITIAL', NULL);

-- Comisiones para el Artista 2(ID 2)
INSERT INTO commisions (id, artist_id, name, description, price, client_id, status, accepted_date_by_artist, payment_arrangement, status_kanban_order_id) VALUES
(11, 2, 'Sunset Painting', 'A beautiful sunset painting', 150.0, 1, 'ACCEPTED', '2025-03-01', 'INITIAL', 11),
(12, 2, 'Ocean Waves', 'A calming ocean scene with waves', 200.0, 2, 'ACCEPTED', '2025-03-02', 'FINAL', 12),
(13, 2, 'Forest at Dusk', 'A mysterious forest at dusk', 210.0, 3, 'REQUESTED', '2025-03-22', 'FINAL', NULL),
(14, 2, 'Abstract Faces', 'A contemporary painting of abstract faces', 250.0, 4, 'REQUESTED', '2025-03-23', 'INITIAL', NULL),
(15, 2, 'Ocean Breeze', 'A breezy ocean view painting', 300.0, 19, 'CANCELED', '2025-03-24', 'FIFTYFIFTY', NULL),
(16, 2, 'Mountain River', 'A flowing river through a mountain range', 270.0, 6, 'IN_WAIT_LIST', '2025-03-25', 'MODERATOR', NULL),
(17, 2, 'Sunset Over Desert', 'A vibrant sunset over a desert landscape', 190.0, 7, 'IN_WAIT_LIST', '2025-03-26', 'FINAL', NULL),
(18, 2, 'Tropical Forest', 'A lush tropical forest', 220.0, 8, 'ENDED', '2025-03-27', 'FIFTYFIFTY', NULL),
(19, 2, 'City at Dusk', 'A city skyline at dusk', 240.0, 9, 'ENDED', '2025-03-28', 'MODERATOR', NULL),
(20, 2, 'Desert Oasis', 'A tranquil desert oasis', 260.0, 10, 'REJECTED', '2025-03-29', 'INITIAL', NULL);

-- Comisiones para el Artista 3(ID 3)
INSERT INTO commisions (id, artist_id, name, description, price, client_id, status, accepted_date_by_artist, payment_arrangement, status_kanban_order_id) VALUES
(21, 3, 'Autumn Forest', 'A serene autumn forest landscape', 230.0, 1, 'REQUESTED', '2025-03-30', 'FIFTYFIFTY', NULL),
(22, 3, 'Winter Wonderland', 'A snowy winter scene with trees', 270.0, 2, 'REQUESTED', '2025-03-31', 'INITIAL', NULL),
(23, 3, 'Desert Oasis', 'A peaceful desert oasis', 320.0, 3, 'CANCELED', '2025-04-01', 'FINAL', NULL),
(24, 3, 'Night Sky', 'A starry night sky over the ocean', 200.0, 4, 'IN_WAIT_LIST', '2025-04-02', 'FIFTYFIFTY', NULL),
(25, 3, 'Blooming Garden', 'A beautiful garden in full bloom', 180.0, 5, 'IN_WAIT_LIST', '2025-04-03', 'MODERATOR', NULL),
(26, 3, 'Rolling Hills', 'A peaceful rolling hill landscape', 210.0, 6, 'ENDED', '2025-04-04', 'FIFTYFIFTY', NULL),
(27, 3, 'City Streets', 'A bustling city street scene', 250.0, 7, 'ENDED', '2025-04-05', 'FINAL', NULL),
(28, 3, 'Eagle in Flight', 'A majestic eagle soaring through the sky', 270.0, 8, 'REJECTED', '2025-04-06', 'INITIAL', NULL);

-- Comisiones para el Artista 4(ID 4)
INSERT INTO commisions (id, artist_id, name, description, price, client_id, status, accepted_date_by_artist, payment_arrangement, status_kanban_order_id) VALUES
(29, 4, 'Rolling Hills', 'A peaceful rolling hill landscape', 210.0, 1, 'REQUESTED', '2025-04-07', 'FINAL', NULL),
(30, 4, 'City Streets', 'A bustling city street scene', 250.0, 2, 'REQUESTED', '2025-04-08', 'INITIAL', NULL),
(31, 4, 'Mountain View', 'A breathtaking view of the mountains', 300.0, 3, 'CANCELED', '2025-04-09', 'FIFTYFIFTY', NULL),
(32, 4, 'Eagle in Flight', 'A majestic eagle soaring through the sky', 270.0, 4, 'IN_WAIT_LIST', '2025-04-10', 'MODERATOR', NULL),
(33, 4, 'River Rocks', 'A rocky river landscape with flowing water', 230.0, 5, 'IN_WAIT_LIST', '2025-04-11', 'FINAL', NULL),
(34, 4, 'Sunset Over Ocean', 'A beautiful sunset over the ocean', 220.0, 6, 'ENDED', '2025-04-12', 'FIFTYFIFTY', NULL),
(35, 4, 'Beach Sunset', 'A peaceful beach sunset', 240.0, 7, 'ENDED', '2025-04-13', 'MODERATOR', NULL),
(36, 4, 'River Bend', 'A scenic river bend surrounded by trees', 250.0, 8, 'REJECTED', '2025-04-14', 'INITIAL', NULL);

-- Comisiones para el Artista 5 (ID 5)
INSERT INTO commisions (id, artist_id, name, description, price, client_id, status, accepted_date_by_artist, payment_arrangement, status_kanban_order_id) VALUES
(37, 5, 'Golden Beach', 'A serene golden beach landscape', 240.0, 1, 'REQUESTED', '2025-04-15', 'FINAL', NULL),
(38, 5, 'Tropical Sunset', 'A vibrant tropical sunset', 280.0, 2, 'REQUESTED', '2025-04-16', 'INITIAL', NULL),
(39, 5, 'Sunset Painting', 'A beautiful sunset painting', 150.0, 3, 'ACCEPTED', '2025-03-01', 'INITIAL', 23),
(40, 5, 'Ocean Waves', 'A calming ocean scene with waves', 200.0, 4, 'ACCEPTED', '2025-03-02', 'FINAL', 24),
(41, 5, 'City at Dusk', 'A city skyline at dusk', 260.0, 5, 'CANCELED', '2025-04-17', 'FIFTYFIFTY', NULL),
(42, 5, 'Snowy Mountain', 'A peaceful snowy mountain scene', 320.0, 6, 'IN_WAIT_LIST', '2025-04-18', 'FIFTYFIFTY', NULL),
(43, 5, 'Lakeside View', 'A tranquil lakeside scene with mountains', 300.0, 7, 'IN_WAIT_LIST', '2025-04-19', 'MODERATOR', NULL),
(44, 5, 'Desert Night', 'A calm desert scene under a starry night sky', 240.0, 8, 'ENDED', '2025-04-20', 'FINAL', NULL),
(45, 5, 'Canyon Vista', 'A beautiful canyon view with the sun setting', 250.0, 9, 'ENDED', '2025-04-21', 'FIFTYFIFTY', NULL),
(46, 5, 'Rocky Coast', 'A rocky coast with waves crashing against the rocks', 230.0, 10, 'REJECTED', '2025-04-22', 'INITIAL', NULL);


-- Comisiones para el Artista 6 (ID 6)
INSERT INTO commisions (id, artist_id, name, description, price, client_id, status, accepted_date_by_artist, payment_arrangement, status_kanban_order_id) VALUES
(47, 6, 'Desert Oasis', 'A tranquil desert oasis', 260.0, 1, 'REQUESTED', '2025-04-23', 'FINAL', NULL),
(48, 6, 'Sunset Beach', 'A sunset over a calm beach', 230.0, 2, 'REQUESTED', '2025-04-24', 'INITIAL', NULL),
(49, 6, 'Sunset Painting', 'A beautiful sunset painting', 150.0, 3, 'ACCEPTED', '2025-03-01', 'INITIAL', 27),
(50, 6, 'Ocean Waves', 'A calming ocean scene with waves', 200.0, 4, 'ACCEPTED', '2025-03-02', 'FINAL', 28),
(51, 6, 'Mountain Range', 'A panoramic view of a mountain range', 320.0, 5, 'CANCELED', '2025-04-25', 'FIFTYFIFTY', NULL),
(52, 6, 'Tropical Lagoon', 'A peaceful tropical lagoon', 280.0, 6, 'IN_WAIT_LIST', '2025-04-26', 'FIFTYFIFTY', NULL),
(53, 6, 'Autumn Park', 'A beautiful park in autumn', 300.0, 7, 'IN_WAIT_LIST', '2025-04-27', 'MODERATOR', NULL),
(54, 6, 'Evening Sky', 'A sky filled with evening stars', 220.0, 8, 'ENDED', '2025-04-28', 'FINAL', NULL),
(55, 6, 'River Falls', 'A beautiful waterfall in a river', 250.0, 9, 'ENDED', '2025-04-29', 'FIFTYFIFTY', NULL),
(56, 6, 'Rocky Shore', 'A rocky shore with crashing waves', 240.0, 10, 'REJECTED', '2025-04-30', 'INITIAL', NULL);

-- Comisiones para el Artista 7 (ID 7)
INSERT INTO commisions (id, artist_id, name, description, price, client_id, status, accepted_date_by_artist, payment_arrangement, status_kanban_order_id) VALUES
(57, 7, 'Golden Beach', 'A serene golden beach landscape', 240.0, 1, 'REQUESTED', '2025-05-01', 'FIFTYFIFTY', NULL),
(58, 7, 'Tropical Sunset', 'A vibrant tropical sunset', 280.0, 2, 'REQUESTED', '2025-05-02', 'INITIAL', NULL),
(59, 7, 'Sunset Painting', 'A beautiful sunset painting', 150.0, 3, 'ACCEPTED', '2025-03-01', 'INITIAL', 31),
(60, 7, 'Ocean Waves', 'A calming ocean scene with waves', 200.0, 4, 'ACCEPTED', '2025-03-02', 'FINAL', 32),
(61, 7, 'City at Dusk', 'A city skyline at dusk', 260.0, 5, 'CANCELED', '2025-05-03', 'FIFTYFIFTY', NULL),
(62, 7, 'Snowy Mountain', 'A peaceful snowy mountain scene', 320.0, 6, 'IN_WAIT_LIST', '2025-05-04', 'FIFTYFIFTY', NULL),
(63, 7, 'Lakeside View', 'A tranquil lakeside scene with mountains', 300.0, 7, 'IN_WAIT_LIST', '2025-05-05', 'MODERATOR', NULL),
(64, 7, 'Desert Night', 'A calm desert scene under a starry night sky', 240.0, 8, 'ENDED', '2025-05-06', 'FINAL', NULL),
(65, 7, 'Canyon Vista', 'A beautiful canyon view with the sun setting', 250.0, 9, 'ENDED', '2025-05-07', 'FIFTYFIFTY', NULL),
(66, 7, 'Rocky Coast', 'A rocky coast with waves crashing against the rocks', 230.0, 10, 'REJECTED', '2025-05-08', 'INITIAL', NULL);

-- Comisiones para el Artista 8 (ID 8)
INSERT INTO commisions (id, artist_id, name, description, price, client_id, status, accepted_date_by_artist, payment_arrangement, status_kanban_order_id) VALUES
(67, 8, 'Desert Winds', 'A landscape of desert winds', 270.0, 1, 'REQUESTED', '2025-05-09', 'FINAL', NULL),
(68, 8, 'Sunset Painting', 'A beautiful sunset painting', 150.0, 2, 'ACCEPTED', '2025-03-01', 'INITIAL', 35),
(69, 8, 'Ocean Waves', 'A calming ocean scene with waves', 200.0, 3, 'ACCEPTED', '2025-03-02', 'FINAL', 36),
(70, 8, 'Forest at Dawn', 'A mystical forest scene at dawn', 240.0, 4, 'REQUESTED', '2025-05-10', 'INITIAL', NULL),
(71, 8, 'Mountain View', 'A breathtaking mountain view at sunrise', 320.0, 5, 'CANCELED', '2025-05-11', 'FIFTYFIFTY', NULL),
(72, 8, 'River in Autumn', 'A river flowing through autumn-colored trees', 300.0, 6, 'IN_WAIT_LIST', '2025-05-12', 'FINAL', NULL),
(73, 8, 'Ocean Breeze', 'A calming ocean breeze scene', 280.0, 7, 'IN_WAIT_LIST', '2025-05-13', 'FIFTYFIFTY', NULL),
(74, 8, 'Sunset Reflection', 'A sunset reflecting off the ocean', 250.0, 8, 'ENDED', '2025-05-14', 'FINAL', NULL),
(75, 8, 'Nightfall', 'The transition from dusk to night', 220.0, 9, 'ENDED', '2025-05-15', 'FIFTYFIFTY', NULL),
(76, 8, 'Desert Oasis', 'A peaceful desert oasis scene', 230.0, 10, 'REJECTED', '2025-05-16', 'INITIAL', NULL);

-- Comisiones para el Artista 9 (ID 9)
INSERT INTO commisions (id, artist_id, name, description, price, client_id, status, accepted_date_by_artist, payment_arrangement, status_kanban_order_id) VALUES
(77, 9, 'Mountain Peaks', 'Majestic snow-capped mountain peaks', 320.0, 1, 'REQUESTED', '2025-05-17', 'FINAL', NULL),
(78, 9, 'Sunset Painting', 'A beautiful sunset painting', 150.0, 2, 'ACCEPTED', '2025-03-01', 'INITIAL', 39),
(79, 9, 'Ocean Waves', 'A calming ocean scene with waves', 200.0, 3, 'ACCEPTED', '2025-03-02', 'FINAL', 40),
(80, 9, 'Forest Walk', 'A serene walk through a forest', 260.0, 4, 'REQUESTED', '2025-05-18', 'INITIAL', NULL),
(81, 9, 'Ocean Waves', 'Waves crashing on a rocky coast', 230.0, 5, 'CANCELED', '2025-05-19', 'FIFTYFIFTY', NULL),
(82, 9, 'Starry Night', 'A starry sky over a calm ocean', 300.0, 6, 'IN_WAIT_LIST', '2025-05-20', 'FIFTYFIFTY', NULL),
(83, 9, 'Sunset Hills', 'A vibrant sunset over rolling hills', 270.0, 7, 'IN_WAIT_LIST', '2025-05-21', 'MODERATOR', NULL),
(84, 9, 'City Lights', 'A city skyline lit up at night', 250.0, 8, 'ENDED', '2025-05-22', 'FINAL', NULL),
(85, 9, 'Forest Path', 'A winding path through a lush forest', 220.0, 9, 'ENDED', '2025-05-23', 'FIFTYFIFTY', NULL),
(86, 9, 'Desert Bloom', 'A rare desert flower in bloom', 240.0, 10, 'REJECTED', '2025-05-24', 'INITIAL', NULL);

-- Comisiones para el Artista 10 (ID 10)
INSERT INTO commisions (id, artist_id, name, description, price, client_id, status, accepted_date_by_artist, payment_arrangement, status_kanban_order_id) VALUES
(87, 10, 'Tropical Paradise', 'A peaceful tropical beach paradise', 280.0, 1, 'REQUESTED', '2025-05-25', 'FINAL', NULL),
(88, 10, 'Sunset Painting', 'A beautiful sunset painting', 150.0, 2, 'ACCEPTED', '2025-03-01', 'INITIAL', 43),
(89, 10, 'Ocean Waves', 'A calming ocean scene with waves', 200.0, 3, 'ACCEPTED', '2025-03-02', 'FINAL', 44),
(90, 10, 'Frozen Lake', 'A serene frozen lake surrounded by trees', 240.0, 4, 'REQUESTED', '2025-05-26', 'INITIAL', NULL),
(91, 10, 'Canyon Sunrise', 'A sunrise over a beautiful canyon', 300.0, 5, 'CANCELED', '2025-05-27', 'FIFTYFIFTY', NULL),
(92, 10, 'Mountain River', 'A peaceful river flowing through the mountains', 260.0, 6, 'IN_WAIT_LIST', '2025-05-28', 'FIFTYFIFTY', NULL),
(93, 10, 'Autumn Harvest', 'A beautiful autumn harvest scene', 220.0, 7, 'IN_WAIT_LIST', '2025-05-29', 'MODERATOR', NULL),
(94, 10, 'Sunset Bay', 'A calming sunset over a bay', 240.0, 8, 'ENDED', '2025-05-30', 'FINAL', NULL),
(95, 10, 'Golden Valley', 'A golden valley lit by the setting sun', 230.0, 9, 'ENDED', '2025-06-01', 'FIFTYFIFTY', NULL),
(96, 10, 'Desert Mirage', 'A mirage in the desert heat', 210.0, 10, 'REJECTED', '2025-06-02', 'INITIAL', NULL);

-- Comisiones para el Artista 11 (ID 11)
INSERT INTO commisions (id, artist_id, name, description, price, client_id, status, accepted_date_by_artist, payment_arrangement, status_kanban_order_id) VALUES
(97, 11, 'Golden Forest', 'A forest with golden autumn leaves', 240.0, 1, 'REQUESTED', '2025-06-03', 'FIFTYFIFTY', NULL),
(98, 11, 'Sunset Painting', 'A beautiful sunset painting', 150.0, 2, 'ACCEPTED', '2025-03-01', 'INITIAL', 47),
(99, 11, 'Ocean Waves', 'A calming ocean scene with waves', 200.0, 3, 'ACCEPTED', '2025-03-02', 'FINAL', 48),
(100, 11, 'Ocean Breeze', 'A relaxing beach with ocean breeze', 220.0, 4, 'REQUESTED', '2025-06-04', 'INITIAL', NULL),
(101, 11, 'Mountain View', 'A majestic view of the mountains', 300.0, 5, 'CANCELED', '2025-06-05', 'FIFTYFIFTY', NULL),
(102, 11, 'Desert Path', 'A winding path through the desert', 270.0, 6, 'IN_WAIT_LIST', '2025-06-06', 'FIFTYFIFTY', NULL),
(103, 11, 'Starry Night', 'A peaceful starry sky over the lake', 250.0, 7, 'IN_WAIT_LIST', '2025-06-07', 'MODERATOR', NULL),
(104, 11, 'Autumn Meadow', 'A meadow with autumn colors', 230.0, 8, 'ENDED', '2025-06-08', 'FINAL', NULL),
(105, 11, 'Sunset Ridge', 'A sunset over a ridge with trees', 240.0, 9, 'ENDED', '2025-06-09', 'FIFTYFIFTY', NULL),
(106, 11, 'Desert Mirage', 'A mirage shimmering in the desert', 210.0, 10, 'REJECTED', '2025-06-10', 'INITIAL', NULL);

-- Comisiones para el Artista 12 (ID 12)
INSERT INTO commisions (id, artist_id, name, description, price, client_id, status, accepted_date_by_artist, payment_arrangement, status_kanban_order_id) VALUES
(107, 12, 'Winter Wonderland', 'A snowy scene with pine trees', 280.0, 1, 'REQUESTED', '2025-06-11', 'FINAL', NULL),
(108, 12, 'Tropical Sunset', 'A vibrant tropical sunset over the ocean', 230.0, 2, 'REQUESTED', '2025-06-12', 'INITIAL', NULL),
(109, 12, 'Sunset Painting', 'A beautiful sunset painting', 150.0, 3, 'ACCEPTED', '2025-03-01', 'INITIAL', 51),
(110, 12, 'Ocean Waves', 'A calming ocean scene with waves', 200.0, 4, 'ACCEPTED', '2025-03-02', 'FINAL', 52),
(111, 12, 'Mountain Peaks', 'Snow-capped mountain peaks in winter', 300.0, 5, 'CANCELED', '2025-06-13', 'FIFTYFIFTY', NULL),
(112, 12, 'Desert Sunrise', 'A beautiful sunrise over the desert', 270.0, 6, 'IN_WAIT_LIST', '2025-06-14', 'MODERATOR', NULL),
(113, 12, 'Autumn Path', 'A path surrounded by autumn trees', 250.0, 7, 'IN_WAIT_LIST', '2025-06-15', 'FINAL', NULL),
(114, 12, 'Canyon View', 'A breathtaking view of the canyon', 220.0, 8, 'ENDED', '2025-06-16', 'FINAL', NULL),
(115, 12, 'Rainy City', 'A city scene under the rain', 240.0, 9, 'ENDED', '2025-06-17', 'FIFTYFIFTY', NULL),
(116, 12, 'Sunset Over the Sea', 'A tranquil sunset by the ocean', 250.0, 10, 'REJECTED', '2025-06-18', 'INITIAL', NULL);

-- Comisiones para el Artista 13 (ID 13)
INSERT INTO commisions (id, artist_id, name, description, price, client_id, status, accepted_date_by_artist, payment_arrangement, status_kanban_order_id) VALUES
(117, 13, 'Rainy Day', 'A calm day during a light rain', 240.0, 1, 'REQUESTED', '2025-06-19', 'FINAL', NULL),
(118, 13, 'Golden Horizon', 'A horizon painted with golden light', 220.0, 2, 'REQUESTED', '2025-06-20', 'INITIAL', NULL),
(119, 13, 'Sunset Painting', 'A beautiful sunset painting', 150.0, 3, 'ACCEPTED', '2025-03-01', 'INITIAL', 55),
(120, 13, 'Ocean Waves', 'A calming ocean scene with waves', 200.0, 4, 'ACCEPTED', '2025-03-02', 'FINAL', 56),
(121, 13, 'Snowy Forest', 'A serene forest with snow covering the trees', 280.0, 5, 'CANCELED', '2025-06-21', 'FIFTYFIFTY', NULL),
(122, 13, 'Ocean View', 'A calm ocean view with a clear sky', 250.0, 6, 'IN_WAIT_LIST', '2025-06-22', 'FIFTYFIFTY', NULL),
(123, 13, 'Desert Sunset', 'A colorful sunset over the desert', 270.0, 7, 'IN_WAIT_LIST', '2025-06-23', 'MODERATOR', NULL),
(124, 13, 'Autumn Vibes', 'An autumn scene with colorful leaves', 230.0, 8, 'ENDED', '2025-06-24', 'FINAL', NULL),
(125, 13, 'Mountain Serenity', 'A peaceful mountain scene with a river', 240.0, 9, 'ENDED', '2025-06-25', 'FIFTYFIFTY', NULL),
(126, 13, 'Starry Night', 'A star-filled sky over a quiet landscape', 210.0, 10, 'REJECTED', '2025-06-26', 'INITIAL', NULL);

-- Comisiones para el Artista 14 (ID 14)
INSERT INTO commisions (id, artist_id, name, description, price, client_id, status, accepted_date_by_artist, payment_arrangement, status_kanban_order_id) VALUES
(127, 14, 'Sunset Beach', 'A sunset view over the beach', 250.0, 1, 'REQUESTED', '2025-06-27', 'FIFTYFIFTY', NULL),
(128, 14, 'Autumn Colors', 'A scenic view of autumn leaves', 240.0, 2, 'REQUESTED', '2025-06-28', 'INITIAL', NULL),
(129, 14, 'Desert Dawn', 'A tranquil desert scene at dawn', 270.0, 3, 'CANCELED', '2025-06-29', 'FIFTYFIFTY', NULL),
(130, 14, 'Sunset Painting', 'A beautiful sunset painting', 150.0, 4, 'ACCEPTED', '2025-03-01', 'INITIAL', 59),
(131, 14, 'Ocean Waves', 'A calming ocean scene with waves', 200.0, 5, 'ACCEPTED', '2025-03-02', 'FINAL', 60),
(132, 14, 'Snowy Hills', 'Snow-covered hills under the soft light', 230.0, 6, 'IN_WAIT_LIST', '2025-06-30', 'FIFTYFIFTY', NULL),
(133, 14, 'Night Sky', 'A clear night sky filled with stars', 250.0, 7, 'IN_WAIT_LIST', '2025-07-01', 'MODERATOR', NULL),
(134, 14, 'Spring Meadow', 'A fresh spring meadow with flowers', 220.0, 8, 'ENDED', '2025-07-02', 'FINAL', NULL),
(135, 14, 'Tropical Escape', 'A tropical beach escape under the sun', 230.0, 9, 'ENDED', '2025-07-03', 'FIFTYFIFTY', NULL),
(136, 14, 'Golden Valley', 'A golden valley with rays of sunlight', 210.0, 10, 'REJECTED', '2025-07-04', 'INITIAL', NULL);

-- Comisiones para el Artista 15 (ID 15)
INSERT INTO commisions (id, artist_id, name, description, price, client_id, status, accepted_date_by_artist, payment_arrangement, status_kanban_order_id) VALUES
(137, 15, 'Autumn Forest', 'A forest with autumn leaves falling', 230.0, 1, 'REQUESTED', '2025-07-05', 'FINAL', NULL),
(138, 15, 'Sunset Painting', 'A beautiful sunset painting', 150.0, 2, 'ACCEPTED', '2025-03-01', 'INITIAL', 63),
(139, 15, 'Ocean Waves', 'A calming ocean scene with waves', 200.0, 3, 'ACCEPTED', '2025-03-02', 'FINAL', 64),
(140, 15, 'Mountain Ridge', 'A view of a mountain ridge at sunset', 240.0, 4, 'REQUESTED', '2025-07-06', 'INITIAL', NULL),
(141, 15, 'Ocean Waves', 'Waves crashing on the shore', 250.0, 5, 'CANCELED', '2025-07-07', 'FIFTYFIFTY', NULL),
(142, 15, 'River Reflection', 'A river reflecting the surrounding trees', 220.0, 6, 'IN_WAIT_LIST', '2025-07-08', 'FIFTYFIFTY', NULL),
(143, 15, 'Desert Moon', 'A desert under the moonlight', 270.0, 7, 'IN_WAIT_LIST', '2025-07-09', 'MODERATOR', NULL),
(144, 15, 'Golden Meadow', 'A meadow filled with golden light', 230.0, 8, 'ENDED', '2025-07-10', 'FINAL', NULL),
(145, 15, 'Tropical Oasis', 'A peaceful oasis in the tropics', 240.0, 9, 'ENDED', '2025-07-11', 'FIFTYFIFTY', NULL),
(146, 15, 'City Sunset', 'A city skyline at sunset', 210.0, 10, 'REJECTED', '2025-07-12', 'INITIAL', NULL);

-- Comisiones para el Artista 16 (ID 16)
INSERT INTO commisions (id, artist_id, name, description, price, client_id, status, accepted_date_by_artist, payment_arrangement, status_kanban_order_id) VALUES
(147, 16, 'Desert Oasis', 'A peaceful oasis in the desert', 250.0, 1, 'REQUESTED', '2025-07-13', 'FINAL', NULL),
(148, 16, 'Sunset Painting', 'A beautiful sunset painting', 150.0, 2, 'ACCEPTED', '2025-03-01', 'INITIAL', 67),
(149, 16, 'Ocean Waves', 'A calming ocean scene with waves', 200.0, 3, 'ACCEPTED', '2025-03-02', 'FINAL', 68),
(150, 16, 'Tropical Rainforest', 'A lush tropical rainforest', 220.0, 4, 'REQUESTED', '2025-07-14', 'INITIAL', NULL),
(151, 16, 'City at Dusk', 'A city skyline at dusk', 230.0, 5, 'CANCELED', '2025-07-15', 'FIFTYFIFTY', NULL),
(152, 16, 'Mountain Summit', 'The summit of a tall mountain', 300.0, 6, 'IN_WAIT_LIST', '2025-07-16', 'FIFTYFIFTY', NULL),
(153, 16, 'Autumn Leaves', 'Leaves falling in autumn', 260.0, 7, 'IN_WAIT_LIST', '2025-07-17', 'MODERATOR', NULL),
(154, 16, 'Starry Night', 'A starry night sky over the sea', 240.0, 8, 'ENDED', '2025-07-18', 'FINAL', NULL),
(155, 16, 'Beach Horizon', 'A beautiful beach at the horizon', 230.0, 9, 'ENDED', '2025-07-19', 'FIFTYFIFTY', NULL),
(156, 16, 'Desert View', 'A view of the vast desert', 220.0, 10, 'REJECTED', '2025-07-20', 'INITIAL', NULL);

-- Comisiones para el Artista 17 (ID 17)
INSERT INTO commisions (id, artist_id, name, description, price, client_id, status, accepted_date_by_artist, payment_arrangement, status_kanban_order_id) VALUES
(157, 17, 'Golden Horizon', 'A beautiful golden horizon over the ocean', 260.0, 1, 'REQUESTED', '2025-07-21', 'FINAL', NULL),
(158, 17, 'Snowy Mountain', 'A majestic snow-covered mountain', 240.0, 2, 'REQUESTED', '2025-07-22', 'INITIAL', NULL),
(159, 17, 'City at Night', 'A city skyline illuminated at night', 250.0, 3, 'CANCELED', '2025-07-23', 'FIFTYFIFTY', NULL),
(160, 17, 'Sunset Painting', 'A beautiful sunset painting', 150.0, 4, 'ACCEPTED', '2025-03-01', 'INITIAL', 71),
(161, 17, 'Ocean Waves', 'A calming ocean scene with waves', 200.0, 5, 'ACCEPTED', '2025-03-02', 'FINAL', 72),
(162, 17, 'River Valley', 'A river winding through a green valley', 220.0, 6, 'IN_WAIT_LIST', '2025-07-24', 'FIFTYFIFTY', NULL),
(163, 17, 'Desert Dawn', 'The first light hitting the desert landscape', 270.0, 7, 'IN_WAIT_LIST', '2025-07-25', 'MODERATOR', NULL),
(164, 17, 'Autumn Walk', 'A peaceful walk through an autumn forest', 230.0, 8, 'ENDED', '2025-07-26', 'FINAL', NULL),
(165, 17, 'Beach Sunset', 'A stunning sunset over the beach', 240.0, 9, 'ENDED', '2025-07-27', 'FIFTYFIFTY', NULL),
(166, 17, 'Starry Sky', 'A brilliant starry sky over the mountains', 210.0, 10, 'REJECTED', '2025-07-28', 'INITIAL', NULL);

-- Comisiones para el Artista 18 (ID 18)
INSERT INTO commisions (id, artist_id, name, description, price, client_id, status, accepted_date_by_artist, payment_arrangement, status_kanban_order_id) VALUES
(167, 18, 'Sunset Over Ocean', 'A vibrant sunset over the ocean waves', 250.0, 1, 'REQUESTED', '2025-07-29', 'FINAL', NULL),
(168, 18, 'Autumn Forest', 'A forest with colorful autumn leaves', 230.0, 2, 'REQUESTED', '2025-07-30', 'INITIAL', NULL),
(169, 18, 'Sunset Painting', 'A beautiful sunset painting', 150.0, 3, 'ACCEPTED', '2025-03-01', 'INITIAL', 75),
(170, 18, 'Ocean Waves', 'A calming ocean scene with waves', 200.0, 4, 'ACCEPTED', '2025-03-02', 'FINAL', 76),
(171, 18, 'Mountain Peak', 'A snow-covered mountain peak under the sun', 300.0, 5, 'CANCELED', '2025-07-31', 'FIFTYFIFTY', NULL),
(172, 18, 'Desert Night', 'A starry night in the desert', 270.0, 6, 'IN_WAIT_LIST', '2025-08-01', 'FIFTYFIFTY', NULL),
(173, 18, 'Tropical Paradise', 'A tropical beach with turquoise waters', 220.0, 7, 'IN_WAIT_LIST', '2025-08-02', 'MODERATOR', NULL),
(174, 18, 'River Sunset', 'A beautiful sunset over a calm river', 230.0, 8, 'ENDED', '2025-08-03', 'FINAL', NULL),
(175, 18, 'Golden Wheat', 'A field of golden wheat under the setting sun', 240.0, 9, 'ENDED', '2025-08-04', 'FIFTYFIFTY', NULL),
(176, 18, 'Ocean Breeze', 'A peaceful ocean breeze with gentle waves', 210.0, 10, 'REJECTED', '2025-08-05', 'INITIAL', NULL);

-- Comisiones para el Artista 19 (ID 19)
INSERT INTO commisions (id, artist_id, name, description, price, client_id, status, accepted_date_by_artist, payment_arrangement, status_kanban_order_id) VALUES
(177, 19, 'Mountain Lake', 'A serene lake surrounded by mountains', 260.0, 1, 'REQUESTED', '2025-08-06', 'FINAL', NULL),
(178, 19, 'Sunset Painting', 'A beautiful sunset painting', 150.0, 2, 'ACCEPTED', '2025-03-01', 'INITIAL', 79),
(179, 19, 'Ocean Waves', 'A calming ocean scene with waves', 200.0, 3, 'ACCEPTED', '2025-03-02', 'FINAL', 80),
(180, 19, 'Forest Path', 'A peaceful path through a forest', 220.0, 4, 'REQUESTED', '2025-08-07', 'INITIAL', NULL),
(181, 19, 'Desert Mirage', 'A mirage in the desert', 240.0, 5, 'CANCELED', '2025-08-08', 'FIFTYFIFTY', NULL),
(182, 19, 'Autumn Leaves', 'Colorful autumn leaves falling', 230.0, 6, 'IN_WAIT_LIST', '2025-08-09', 'FIFTYFIFTY', NULL),
(183, 19, 'Starry Night', 'A starry night sky over a calm lake', 250.0, 7, 'IN_WAIT_LIST', '2025-08-10', 'MODERATOR', NULL),
(184, 19, 'Golden Field', 'A field of golden wheat under the sun', 240.0, 8, 'ENDED', '2025-08-11', 'FINAL', NULL),
(185, 19, 'Tropical Beach', 'A tropical beach with clear waters', 220.0, 9, 'ENDED', '2025-08-12', 'FIFTYFIFTY', NULL),
(186, 19, 'Mountain View', 'A breathtaking view of the mountains', 210.0, 10, 'REJECTED', '2025-08-13', 'INITIAL', NULL);

-- Comisiones para el Artista 20 (ID 20)
INSERT INTO commisions (id, artist_id, name, description, price, client_id, status, accepted_date_by_artist, payment_arrangement, status_kanban_order_id) VALUES
(187, 20, 'Sunset Over Hills', 'A beautiful sunset over rolling hills', 250.0, 1, 'REQUESTED', '2025-08-14', 'FINAL', NULL),
(188, 20, 'Autumn Forest', 'A forest with colorful autumn leaves', 230.0, 2, 'REQUESTED', '2025-08-15', 'INITIAL', NULL),
(189, 20, 'Sunset Painting', 'A beautiful sunset painting', 150.0, 3, 'ACCEPTED', '2025-03-01', 'INITIAL', 83),
(190, 20, 'Ocean Waves', 'A calming ocean scene with waves', 200.0, 4, 'ACCEPTED', '2025-03-02', 'FINAL', 84),
(191, 20, 'Mountain Peak', 'A snow-covered mountain peak under the sun', 300.0, 5, 'CANCELED', '2025-08-16', 'FIFTYFIFTY', NULL),
(192, 20, 'Desert Night', 'A starry night in the desert', 270.0, 6, 'IN_WAIT_LIST', '2025-08-17', 'FIFTYFIFTY', NULL),
(193, 20, 'Tropical Paradise', 'A tropical beach with turquoise waters', 220.0, 7, 'IN_WAIT_LIST', '2025-08-18', 'MODERATOR', NULL),
(194, 20, 'River Sunset', 'A beautiful sunset over a calm river', 230.0, 8, 'ENDED', '2025-08-19', 'FINAL', NULL),
(195, 20, 'Golden Wheat', 'A field of golden wheat under the setting sun', 240.0, 9, 'ENDED', '2025-08-20', 'FIFTYFIFTY', NULL),
(196, 20, 'Ocean Breeze', 'A peaceful ocean breeze with gentle waves', 210.0, 10, 'REJECTED', '2025-08-21', 'INITIAL', NULL);

INSERT INTO milestones (id, name, accepted, commision_id) VALUES 
(1, 'Initial Sketch', TRUE, 6),
(2, 'Line Art', FALSE, 6),
(3, 'Coloring Phase 1', TRUE, 7),
(4, 'Final Touches', FALSE, 7),
(5, '3D Model Base', TRUE, 8),
(6, 'Texture Painting', FALSE, 8),
(7, 'Concept Art Approval', TRUE, 9),
(8, 'First Revision', FALSE, 9),
(9, 'Final Rendering', TRUE, 10),
(10, 'Lighting Adjustments', FALSE, 10),
(11, 'Sketch Approval', TRUE, 11),
(12, 'Base Colors', FALSE, 11),
(13, 'Initial Composition', TRUE, 12),
(14, 'Details Refinement', FALSE, 12),
(15, 'Pose Approval', TRUE, 13),
(16, 'Shading Process', FALSE, 13),
(17, 'Sculpt Base Form', TRUE, 14),
(18, 'Final Texture Mapping', FALSE, 14),
(19, 'Animation Draft', TRUE, 15),
(20, 'Final Review', FALSE, 15);

INSERT INTO artist_category(id,artist_id,category_id) VALUES
(1, 1, 1),
(2, 1, 2),
(3, 1, 3),
(4, 2, 4),
(5, 3, 5),
(6, 4, 6),
(7, 5, 7),
(8, 6, 8),
(9, 7, 4),
(10, 8, 5);


INSERT INTO work_category(id,category_id,work_id) VALUES
(1, 1, 1),
(2, 2, 2),
(3, 3, 3),
(4, 4, 4),
(5, 5, 5);

INSERT INTO report_types (id, type) VALUES (500, 'Financial Report');
INSERT INTO report_types (id, type) VALUES (501, 'Marketing Analysis');
INSERT INTO report_types (id, type) VALUES (502, 'Customer Feedback');
INSERT INTO report_types (id, type) VALUES (503, 'Technical Review');
INSERT INTO report_types (id, type) VALUES (504, 'Annual Summary');

INSERT INTO works (id, name, description, price, artist_id) 
VALUES (500, 'Sunset Painting', 'A beautiful sunset painting', 150.00, 1);

INSERT INTO works (id, name, description, price, artist_id) 
VALUES (501, 'Abstract Vibes', 'Modern abstract artwork', 200.50, 2);

INSERT INTO works (id, name, description, price, artist_id) 
VALUES (502, 'Cityscape', 'A detailed cityscape at night', 300.00, 3);

INSERT INTO works (id, name, description, price, artist_id) 
VALUES (503, 'Portrait of a Woman', 'Realistic portrait painting', 250.75, 1);

INSERT INTO works (id, name, description, price, artist_id) 
VALUES (504, 'Sculpture: The Thinker', 'Bronze sculpture inspired by Rodin', 500.00, 4);


INSERT INTO reports (id, name, description, status, made_by_id, reported_user_id, work_id, report_type_id) 
VALUES (1, 'Inappropriate Content', 'This artwork contains sensitive material.', 'ACCEPTED', 1, 2, 500, 501);

INSERT INTO reports (id, name, description, status, made_by_id, reported_user_id, work_id, report_type_id) 
VALUES (2, 'Plagiarism Report', 'This work closely resembles another known piece.', 'PENDING', 3, 4, 501, 502);

INSERT INTO reports (id, name, description, status, made_by_id, reported_user_id, work_id, report_type_id) 
VALUES (3, 'Offensive Behavior', 'The artist has been using inappropriate language.', 'ACCEPTED', 5, 6, 503, 503);

INSERT INTO reports (id, name, description, status, made_by_id, reported_user_id, work_id, report_type_id) 
VALUES (4, 'Fake Account', 'This user might be impersonating someone else.', 'PENDING', 2, 7, 504, 504);

INSERT INTO reports (id, name, description, status, made_by_id, reported_user_id, work_id, report_type_id) 
VALUES (5, 'Spam Content', 'The artwork description contains promotional links.', 'REJECTED', 8, 9, 502, 500);